{
"Debug": true,
"EnableSyslog": false,
"ListenAddress": ":3000",
"MySQLTopologyUser": "orchestrator",
"MySQLTopologyPassword": "orchestrator",
"MySQLTopologyCredentialsConfigFile": "",
"MySQLTopologySSLPrivateKeyFile": "",
"MySQLTopologySSLCertFile": "",
"MySQLTopologySSLCAFile": "",
"MySQLTopologySSLSkipVerify": true,
"MySQLTopologyUseMutualTLS": false,
"MySQLOrchestratorHost": "127.0.0.1",
"MySQLOrchestratorPort": 3307,
"MySQLOrchestratorDatabase": "orchestrator",
"MySQLOrchestratorUser": "orchestrator",
"MySQLOrchestratorPassword": "orchestrator",
"MySQLOrchestratorCredentialsConfigFile": "",
"MySQLOrchestratorSSLPrivateKeyFile": "",
"MySQLOrchestratorSSLCertFile": "",
"MySQLOrchestratorSSLCAFile": "",
"MySQLOrchestratorSSLSkipVerify": true,
"MySQLOrchestratorUseMutualTLS": false,
"MySQLConnectTimeoutSeconds": 1,
"DefaultInstancePort": 3307,
"DiscoverByShowSlaveHosts": true,
"InstancePollSeconds": 5,
"DiscoveryIgnoreReplicaHostnameFilters": [
"a_host_i_want_to_ignore[.]example[.]com",
".*[.]ignore_all_hosts_from_this_domain[.]example[.]com",
"a_host_with_extra_port_i_want_to_ignore[.]example[.]com:3307"
],
"UnseenInstanceForgetHours": 240,
"SnapshotTopologiesIntervalHours": 0,
"InstanceBulkOperationsWaitTimeoutSeconds": 10,
"HostnameResolveMethod": "none",
"MySQLHostnameResolveMethod": "@@report_host",
"SkipBinlogServerUnresolveCheck": true,
"ExpiryHostnameResolvesMinutes": 60,
"RejectHostnameResolvePattern": "",
"ReasonableReplicationLagSeconds": 10,
"ProblemIgnoreHostnameFilters": [],
"VerifyReplicationFilters": false,
"ReasonableMaintenanceReplicationLagSeconds": 20,
"CandidateInstanceExpireMinutes": 60,
"AuditLogFile": "",
"AuditToSyslog": false,
"RemoveTextFromHostnameDisplay": ".mydomain.com:3307",
"ReadOnly": false,
"AuthenticationMethod": "",
"HTTPAuthUser": "admin",
"HTTPAuthPassword": "Admin#123456",
"AuthUserHeader": "",
"PowerAuthUsers": [
"*"
],
"ClusterNameToAlias": {
"127.0.0.1": "test suite"
},
"ReplicationLagQuery": "",
"DetectClusterAliasQuery": "select replace(substr(@@hostname, 1, instr(@@hostname, 'mysql')-2), '-', '_')",
"DetectClusterDomainQuery": "",
"DetectInstanceAliasQuery": "",
"DetectPromotionRuleQuery": "",
"DataCenterPattern": "[.]([^.]+)[.][^.]+[.]mydomain[.]com",
"PhysicalEnvironmentPattern": "[.]([^.]+[.][^.]+)[.]mydomain[.]com",
"PromotionIgnoreHostnameFilters": [],
"DetectSemiSyncEnforcedQuery": "",
"ServeAgentsHttp": false,
"AgentsServerPort": ":3001",
"AgentsUseSSL": false,
"AgentsUseMutualTLS": false,
"AgentSSLSkipVerify": false,
"AgentSSLPrivateKeyFile": "",
"AgentSSLCertFile": "",
"AgentSSLCAFile": "",
"AgentSSLValidOUs": [],
"UseSSL": false,
"UseMutualTLS": false,
"SSLSkipVerify": false,
"SSLPrivateKeyFile": "",
"SSLCertFile": "",
"SSLCAFile": "",
"SSLValidOUs": [],
"URLPrefix": "",
"StatusEndpoint": "/api/status",
"StatusSimpleHealth": true,
"StatusOUVerify": false,
"AgentPollMinutes": 60,
"UnseenAgentForgetHours": 6,
"StaleSeedFailMinutes": 60,
"SeedAcceptableBytesDiff": 8192,
"PseudoGTIDPattern": "",
"PseudoGTIDPatternIsFixedSubstring": false,
"PseudoGTIDMonotonicHint": "asc:",
"DetectPseudoGTIDQuery": "",
"BinlogEventsChunkSize": 10000,
"SkipBinlogEventsContaining": [],
"ReduceReplicationAnalysisCount": true,
"FailureDetectionPeriodBlockMinutes": 1,
"FailMasterPromotionOnLagMinutes": 0,
"RecoveryPeriodBlockSeconds": 60,
"RecoveryIgnoreHostnameFilters": [],
"RecoverMasterClusterFilters": [
"*"
],
"RecoverIntermediateMasterClusterFilters": [
"*"
],
"OnFailureDetectionProcesses": [
"echo 'Detected {failureType} on {failureCluster}. Affected replicas:{countSlaves}' >> /usr/local/orchestrator/log/recovery.log"
],
"PreGracefulTakeoverProcesses": [
"echo 'Planned takeover about to take place on {failureCluster}. Master will switch to read_only' >> /usr/local/orchestrator/log/recovery.log"
],
"PreFailoverProcesses": [
"echo 'Will recover from {failureType} on {failureCluster}' >> /usr/local/orchestrator/log/recovery.log"
],
"PostFailoverProcesses": [
"echo (for all types) Recovered from {failureType} on {failureCluster}. Failed: {failedHost}:{failedPort}; Successor: {successorHost}: {successorPort}; failureClusterAlias:{failureClusterAlias}' >> /usr/local/orchestrator/log/recovery.log","/usr/local/orchestrator/orch_hook.sh {failureType} {failureClusterAlias} {failedHost} {successorHost} >> /usr/local/orchestrator/log/recovery_orch_hook.log"
],
"PostUnsuccessfulFailoverProcesses": [],
"PostMasterFailoverProcesses": [
"echo 'Recovered from {failureType} on {failureCluster}. Failed: {failedHost}:{failedPort}; Promoted: {successorHost}:{successorPort}' >> /usr/local/orchestrator/log/recovery.log"
],
"PostIntermediateMasterFailoverProcesses": [
"echo 'Recovered from {failureType} on {failureCluster}. Failed: {failedHost}:{failedPort}; Successor: {successorHost}:{successorPort}' >> /usr/local/orchestrator/log/recovery.log"
],
"PostGracefulTakeoverProcesses": [
"echo 'Planned takeover complete' >> /usr/local/orchestrator/log/recovery.log"
],
"CoMasterRecoveryMustPromoteOtherCoMaster": true,
"DetachLostSlavesAfterMasterFailover": true,
"ApplyMySQLPromotionAfterMasterFailover": true,
"PreventCrossDataCenterMasterFailover": false,
"PreventCrossRegionMasterFailover": false,
"FailMasterPromotionIfSQLThreadNotUpToDate": false,
"DelayMasterPromotionIfSQLThreadNotUpToDate": true,
"DetachLostReplicasAfterMasterFailover": true,
"MasterFailoverDetachReplicaMasterHost": false,
"MasterFailoverLostInstancesDowntimeMinutes": 0,
"PostponeReplicaRecoveryOnLagMinutes": 0,
"OSCIgnoreHostnameFilters": [],
"GraphiteAddr": "",
"GraphitePath": "",
"GraphiteConvertHostnameDotsToUnderscores": true,
"ConsulAddress": "",
"ConsulAclToken": "",
"ConsulKVStoreProvider": "consul",
"RaftEnabled":true,
"BackendDB": "mysql",
"RaftDataDir":"/usr/local/orchestrator",
"RaftBind":"10.0.0.51",
"DefaultRaftPort":10008,
"RaftNodes":[
"10.0.0.51",
"10.0.0.52",
"10.0.0.53"
]
}
